{"options":{"awareOfChrome":false,"comment":null,"compat_arrayleft":false,"compat_foreach":false,"compat_forvarin":false,"compat_metadata":false,"compat_uW_gmonkey":false,"compat_wrappedjsobject":false,"compatopts_for_requires":true,"noframes":null,"override":{"merge_connects":true,"merge_excludes":true,"merge_includes":true,"merge_matches":true,"orig_excludes":[],"orig_includes":[],"orig_matches":["http://www.neopets.com/objects.phtml?type=shop&obj_type=46","http://www.neopets.com/objects.phtml?obj_type=46&type=shop"],"orig_noframes":null,"orig_run_at":"document-idle","use_blockers":[],"use_connects":[],"use_excludes":[],"use_includes":[],"use_matches":[]},"run_at":null},"settings":{"enabled":true,"position":28},"meta":{"name":"Hubert's Hot Dogs Restocker","uuid":"ec0ea83f-2502-442e-8d40-b37aa0efdf9c","modified":1485160896458,"file_url":"http://www.neopets.com/objects.phtml?type=shop&obj_type=46"}}