{"options":{"comment":null,"compatopts_for_requires":true,"compat_wrappedjsobject":false,"compat_metadata":false,"compat_foreach":false,"compat_arrayleft":false,"compat_uW_gmonkey":false,"compat_forvarin":false,"noframes":null,"awareOfChrome":false,"run_at":null,"override":{"merge_connects":true,"merge_excludes":true,"merge_includes":true,"merge_matches":true,"orig_connects":[],"orig_excludes":[],"orig_includes":[],"orig_matches":["http://www.neopets.com/objects.phtml?type=shop&obj_type=7","http://www.neopets.com/objects.phtml?obj_type=7&type=shop"],"orig_noframes":null,"orig_run_at":"document-idle","use_blockers":[],"use_connects":[],"use_excludes":[],"use_includes":[],"use_matches":[]}},"settings":{"enabled":true,"position":11},"meta":{"name":"Magical Bookshop Restocker","uuid":"08df7d12-ba44-4473-9bd9-93941e335ae9","modified":1490965879845,"file_url":"http://www.neopets.com/objects.phtml?type=shop&obj_type=7"}}