{"options":{"awareOfChrome":false,"comment":null,"compat_arrayleft":false,"compat_foreach":false,"compat_forvarin":false,"compat_metadata":false,"compat_uW_gmonkey":false,"compat_wrappedjsobject":false,"compatopts_for_requires":true,"noframes":null,"override":{"merge_connects":true,"merge_excludes":true,"merge_includes":true,"merge_matches":true,"orig_connects":[],"orig_excludes":[],"orig_includes":[],"orig_matches":["http://www.neopets.com/objects.phtml?obj_type=1&type=shop","http://www.neopets.com/objects.phtml?type=shop&obj_type=1"],"orig_noframes":null,"orig_run_at":"document-idle","use_blockers":[],"use_connects":[],"use_excludes":[],"use_includes":[],"use_matches":[]},"run_at":null},"settings":{"enabled":true,"position":6},"meta":{"name":"Neopean Fresh Foods Restocker","uuid":"e37d12fa-77ac-4f74-84bf-b7f5dd5388fd","modified":1490433412708,"file_url":"http://www.neopets.com/objects.phtml?obj_type=1&type=shop"}}