{"options":{"awareOfChrome":false,"comment":null,"compat_arrayleft":false,"compat_foreach":false,"compat_forvarin":false,"compat_metadata":false,"compat_uW_gmonkey":false,"compat_wrappedjsobject":false,"compatopts_for_requires":true,"noframes":null,"override":{"merge_connects":true,"merge_excludes":true,"merge_includes":true,"merge_matches":true,"orig_excludes":[],"orig_includes":[],"orig_matches":["http://www.neopets.com/objects.phtml?type=shop&obj_type=50","http://www.neopets.com/objects.phtml?obj_type=50&type=shop"],"orig_noframes":null,"orig_run_at":"document-idle","use_blockers":[],"use_connects":[],"use_excludes":[],"use_includes":[],"use_matches":[]},"run_at":null},"settings":{"enabled":true,"position":30},"meta":{"name":"Peopatra's Petpets Restocker","uuid":"0fb3cf8d-0c17-44a7-8ff9-dbc4f3af2d6d","modified":1485160896468,"file_url":"http://www.neopets.com/objects.phtml?type=shop&obj_type=50"}}