{"options":{"awareOfChrome":false,"comment":null,"compat_arrayleft":false,"compat_foreach":false,"compat_forvarin":false,"compat_metadata":false,"compat_uW_gmonkey":false,"compat_wrappedjsobject":false,"compatopts_for_requires":true,"noframes":null,"override":{"merge_connects":true,"merge_excludes":true,"merge_includes":true,"merge_matches":true,"orig_connects":[],"orig_excludes":[],"orig_includes":[],"orig_matches":["http://www.neopets.com/objects.phtml?type=shop&obj_type=98","http://www.neopets.com/objects.phtml?obj_type=98&type=shop"],"orig_noframes":null,"orig_run_at":"document-idle","use_blockers":[],"use_connects":[],"use_excludes":[],"use_includes":[],"use_matches":[]},"run_at":null},"settings":{"enabled":true,"position":22},"meta":{"name":"Plushie Palace Restocker","uuid":"fedd17e4-b59f-4c44-a301-38274678a9b6","modified":1490015238483,"file_url":"http://www.neopets.com/objects.phtml?type=shop&obj_type=98"}}