{"options":{"awareOfChrome":false,"comment":null,"compat_arrayleft":false,"compat_foreach":false,"compat_forvarin":false,"compat_metadata":false,"compat_uW_gmonkey":false,"compat_wrappedjsobject":false,"compatopts_for_requires":true,"noframes":null,"override":{"merge_connects":true,"merge_excludes":true,"merge_includes":true,"merge_matches":true,"orig_connects":[],"orig_excludes":[],"orig_includes":[],"orig_matches":["http://www.neopets.com/objects.phtml?type=shop&obj_type=3","http://www.neopets.com/objects.phtml?obj_type=3&type=shop"],"orig_noframes":null,"orig_run_at":"document-idle","use_blockers":[],"use_connects":[],"use_excludes":[],"use_includes":[],"use_matches":[]},"run_at":null},"settings":{"enabled":true,"position":39},"meta":{"name":"Toy Shop Restocker","uuid":"85eda8f5-e9bd-4b86-bef0-40af9ea444cb","modified":1490621322039,"file_url":"http://www.neopets.com/objects.phtml?type=shop&obj_type=3"}}